<ImportExportXml xmlns:xsi="http://www.w3.org/2001/XMLSchema-instance" OrganizationVersion="9.2.24094.172" OrganizationSchemaType="Standard" CRMServerServiceabilityVersion="9.2.24103.00158">
  <Entities></Entities>
  <Roles></Roles>
  <Workflows>
    <Workflow WorkflowId="{e112a797-9888-469b-8532-599c2c099836}" Name="Read Config File" Description="This flow reads config data from an Excel file specified in the input path and stores it in a dictionary format for further processing and testing.">
      <JsonFileName>/Workflows/ReadConfigFile-E112A797-9888-469B-8532-599C2C099836.json</JsonFileName>
      <Type>1</Type>
      <Subprocess>0</Subprocess>
      <Category>6</Category>
      <Mode>0</Mode>
      <Scope>4</Scope>
      <OnDemand>0</OnDemand>
      <TriggerOnCreate>0</TriggerOnCreate>
      <TriggerOnDelete>0</TriggerOnDelete>
      <AsyncAutodelete>0</AsyncAutodelete>
      <SyncWorkflowLogOnFailure>0</SyncWorkflowLogOnFailure>
      <StateCode>1</StateCode>
      <StatusCode>2</StatusCode>
      <RunAs>1</RunAs>
      <IsTransacted>1</IsTransacted>
      <IntroducedVersion>1.0</IntroducedVersion>
      <IsCustomizable>1</IsCustomizable>
      <BusinessProcessType>0</BusinessProcessType>
      <UIFlowType>2</UIFlowType>
      <IsCustomProcessingStepAllowedForOtherPublishers>1</IsCustomProcessingStepAllowedForOtherPublishers>
      <Metadata>{"clientversion":"2.49.177.24289","isvalid":true,"$schema":"https://schema.management.azure.com/providers/Microsoft.Logic/schemas/2016-06-01/workflowdefinition.json#","schemaVersion":"ROBIN_20211012","containsActiveConnections":false,"containsGptPredictActions":false,"containsActiveCopilotActions":false,"containsActiveWorkQueuesActions":false,"containsActiveLogMessageActions":false,"containsActiveCredentialsActions":false,"multipleRequestsState":0,"scriptType":0,"disableScreenshotCaptureOnError":false,"missingUiElementRepairType":null,"flowTimeout":null}</Metadata>
      <Inputs>{"schema":{"required":["in_ConfigPath"],"properties":{"in_ConfigPath":{"isOptional":false,"default":"","description":"This stores the config file input path","format":null,"title":"ConfigPath","type":"string","value":""}},"type":"object"}}</Inputs>
      <Outputs>{"schema":{"properties":{"out_Config":{"default":"","description":"Stores the config data in doctionary format","format":null,"title":"Config","type":"object","value":null}},"type":"object"}}</Outputs>
      <Dependencies>{"childFlows":[],"workQueues":[],"environmentVariables":[],"requiredBinaries":["b51543dd-271c-43e4-a53b-a960a1bebe97","c8168ddf-f3ef-4817-bc0e-a340e915754e","1970477a-2bb5-4569-8318-b20bf931647d"]}</Dependencies>
      <ConnectionReferences>[]</ConnectionReferences>
      <Definition>"@@ConnectionString: ''\r\n@@Type: 'Local'\r\n@@DesktopType: 'local'\r\n@@DisplayName: 'Local computer'\r\nIMPORT 'controlRepo.appmask' AS appmask\r\nIMPORT 'imageRepo.imgrepo' AS imgrepo\r\n@SENSITIVE: []\r\n@INPUT in_ConfigPath : { 'Description': 'This stores the config file input path', 'FriendlyName': 'ConfigPath', 'Type': 'String', 'IsOptional': False, 'DefaultValue': '' } \r\n@OUTPUT out_Config : { 'Description': 'Stores the config data in doctionary format', 'FriendlyName': 'Config', 'Type': 'CustomObject' } \r\nCALL 'Main Read Config File'\r\nFUNCTION 'Main Read Config File' GLOBAL\r\n    BLOCK 'Read Config File Error block'\r\nON BLOCK ERROR all\r\nTHROW ERROR\r\nEND\r\n        Logging.LogMessage Message: $'''Reading config data using config file: %in_ConfigPath%''' LogLevel: Logging.LogLevel.InfoLevel\r\n        SET out_Config TO {{ }}\r\n        Excel.LaunchExcel.LaunchAndOpenUnderExistingProcess Path: in_ConfigPath Visible: False ReadOnly: False Instance=&gt; ConfigExcelInstance\r\n        Excel.ReadFromExcel.ReadAllCells Instance: ConfigExcelInstance ReadAsText: True FirstLineIsHeader: True RangeValue=&gt; ConfigDt\r\n        Excel.CloseExcel.Close Instance: ConfigExcelInstance\r\n        LOOP FOREACH row IN ConfigDt\r\n            SET out_Config[row['Name']] TO row['Value']\r\n        END\r\n        Logging.LogMessage Message: $'''Completed reading config data from excel file''' LogLevel: Logging.LogLevel.InfoLevel\r\n    END\r\nEND FUNCTION\r\nFUNCTION 'Test Flow' GLOBAL\r\n    **REGION Given\r\n    SET in_ConfigPath TO $'''D:\\\\Temp\\\\Flows\\\\LocatorFlows\\\\Config.xlsx'''\r\n    SET TestPassed TO True\r\n    **ENDREGION\r\n    **REGION When\r\n    BLOCK 'Test Error Block'\r\nON BLOCK ERROR all\r\nCALL 'Test Capture Error'\r\nSET TestPassed TO False\r\nEND\r\n        CALL 'Main Read Config File'\r\n    END\r\n    **ENDREGION\r\n    **REGION Then\r\n    IF TestPassed = False THEN\r\n        EXIT Code: 0 ErrorMessage: $'''Testcase failed: %LastError%'''\r\n    ELSE\r\n        EXIT Code: 0\r\n    END\r\n    **ENDREGION\r\nEND FUNCTION\r\nFUNCTION 'Test Capture Error' GLOBAL\r\n    BLOCK 'Capture Error'\r\nON BLOCK ERROR all\r\nTHROW ERROR\r\nEND\r\n        ERROR =&gt; LastError Reset: True\r\n    END\r\nEND FUNCTION\r\n"</Definition>
      <SchemaVersion>2022.07</SchemaVersion>
      <DesktopFlowModules>[]</DesktopFlowModules>
      <PrimaryEntity>none</PrimaryEntity>
      <LocalizedNames>
        <LocalizedName languagecode="1033" description="Read Config File" />
      </LocalizedNames>
      <Descriptions>
        <Description languagecode="1033" description="This flow reads config data from an Excel file specified in the input path and stores it in a dictionary format for further processing and testing." />
      </Descriptions>
    </Workflow>
    <Workflow WorkflowId="{6c97354b-1ed0-4783-bd86-8c9dae9d477d}" Name="Server Setup Performer Flow">
      <JsonFileName>/Workflows/ServerSetupPerformerFlow-6C97354B-1ED0-4783-BD86-8C9DAE9D477D.json</JsonFileName>
      <Type>1</Type>
      <Subprocess>0</Subprocess>
      <Category>6</Category>
      <Mode>0</Mode>
      <Scope>4</Scope>
      <OnDemand>0</OnDemand>
      <TriggerOnCreate>0</TriggerOnCreate>
      <TriggerOnDelete>0</TriggerOnDelete>
      <AsyncAutodelete>0</AsyncAutodelete>
      <SyncWorkflowLogOnFailure>0</SyncWorkflowLogOnFailure>
      <StateCode>1</StateCode>
      <StatusCode>2</StatusCode>
      <RunAs>1</RunAs>
      <IsTransacted>1</IsTransacted>
      <IntroducedVersion>1.0</IntroducedVersion>
      <IsCustomizable>1</IsCustomizable>
      <BusinessProcessType>0</BusinessProcessType>
      <UIFlowType>2</UIFlowType>
      <IsCustomProcessingStepAllowedForOtherPublishers>1</IsCustomProcessingStepAllowedForOtherPublishers>
      <Metadata>{"clientversion":"2.49.177.24289","isvalid":true,"$schema":"https://schema.management.azure.com/providers/Microsoft.Logic/schemas/2016-06-01/workflowdefinition.json#","schemaVersion":"ROBIN_20211012","containsActiveConnections":false,"containsGptPredictActions":false,"containsActiveCopilotActions":false,"containsActiveWorkQueuesActions":true,"containsActiveLogMessageActions":false,"containsActiveCredentialsActions":false,"multipleRequestsState":0,"scriptType":0,"disableScreenshotCaptureOnError":false,"missingUiElementRepairType":null,"flowTimeout":null}</Metadata>
      <Inputs>{"schema":{"required":["in_ConfigPath","in_EncryptionPassword"],"properties":{"in_ConfigPath":{"isOptional":false,"default":"","description":"","format":"password","title":"ConfigPath","type":"string","value":null},"in_EncryptionPassword":{"isOptional":false,"default":"","description":"Password to encrypt the server password","format":"password","title":"EncryptionPassword","type":"string","value":null}},"type":"object"}}</Inputs>
      <Outputs>{"schema":null}</Outputs>
      <Dependencies>{"childFlows":["e112a797-9888-469b-8532-599c2c099836"],"workQueues":[],"environmentVariables":[],"requiredBinaries":["5bdcfe41-eb31-4834-90ff-cbc7c2a7e9e1","6e4eef0a-44ad-4f07-9006-dcdb13a7a30b","500b422f-fa00-4445-bb9f-c01795dd3312"]}</Dependencies>
      <ConnectionReferences>[]</ConnectionReferences>
      <Definition>"@@ConnectionString: ''\r\n@@Type: 'Local'\r\n@@DesktopType: 'local'\r\n@@DisplayName: 'Local computer'\r\nIMPORT 'controlRepo.appmask' AS appmask\r\nIMPORT 'imageRepo.imgrepo' AS imgrepo\r\n@SENSITIVE: [in_ConfigPath, HDD, ServerUserName, ServerUserNameDT, PasswordDT, IPAddressDT, Config, App, in_EncryptionPassword]\r\n@INPUT in_ConfigPath : { 'Description': '', 'FriendlyName': 'ConfigPath', 'Type': 'String', 'IsOptional': False, 'DefaultValue': 'D:\\\\Temp\\\\Flows\\\\Server Setup\\\\Config\\\\Config.test.xlsx' } \r\n@INPUT in_EncryptionPassword : { 'Description': 'Password to encrypt the server password', 'FriendlyName': 'EncryptionPassword', 'Type': 'String', 'IsOptional': False, 'DefaultValue': '123' } \r\nBLOCK 'Main Error Handling'\r\nON BLOCK ERROR all\r\n    THROW ERROR\r\nEND\r\n    SET IsBRE TO False\r\n    CALL 'Terminate process'\r\n    @@flowname: 'Read Config File'\r\nExternal.RunFlow FlowId: 'e112a797-9888-469b-8532-599c2c099836' @in_ConfigPath: in_ConfigPath @out_Config=&gt; Config\r\n    CALL 'Launch Server Setup Website'\r\n    @@'InputSummaryValue:WORKQUEUE': '%Config[\\'WorkQueueID\\']%'\r\nLOOP WHILE (WorkQueues.ProcessWorkQueueItem.ProcessWorkQueueItem WorkQueue: Config['WorkQueueID'] WorkQueueItem=&gt; WorkQueueItem)\r\n        BLOCK 'Process Transaction Error Block'\r\nON BLOCK ERROR all\r\n    SET TransactionStatus TO $'''Failed'''\r\n    CALL 'Update WorkQueueItem Status'\r\nEND\r\n            WebAutomation.GoToWebPage.GoToWebPageCloseDialog BrowserInstance: ServerSetupBrowser Url: Config['ServerSetupURL'] WaitForPageToLoadTimeout: 60\r\n            **REGION Capture data &amp; Setting Variables\r\n            Variables.ConvertJsonToCustomObject Json: WorkQueueItem.Value CustomObject=&gt; ServerDetailsJSON\r\n            SET RequestID TO ServerDetailsJSON['RequestID'].Trimmed\r\n            SET OperatingSystem TO ServerDetailsJSON['OS'].Trimmed\r\n            SET RamSize TO ServerDetailsJSON['RAM'].Trimmed\r\n            SET HDD TO ServerDetailsJSON['HDD'].Trimmed\r\n            Text.SplitText.SplitWithDelimiter Text: ServerDetailsJSON['Applications'] CustomDelimiter: $''',''' IsRegEx: False Result=&gt; Applications\r\n            **ENDREGION\r\n            CALL 'Create Server using Request'\r\n            CALL 'Captures Server Created Details'\r\n            CALL 'Update WorkQueueItem Status'\r\n        END\r\n    END\r\n    CALL 'Close Create Server Website'\r\nEND\r\nFUNCTION 'Launch Server Setup Website' GLOBAL\r\n    BLOCK 'Init Applications On error block'\r\nON BLOCK ERROR all\r\n    THROW ERROR\r\nEND\r\n        Logging.LogMessage Message: $'''Entering BotsDNA Server setup website''' LogLevel: Logging.LogLevel.InfoLevel\r\n        WebAutomation.LaunchEdge.LaunchEdge Url: Config['ServerSetupURL'] WindowState: WebAutomation.BrowserWindowState.Maximized ClearCache: False ClearCookies: False WaitForPageToLoadTimeout: 60 Timeout: 60 PiPUserDataFolderMode: WebAutomation.PiPUserDataFolderModeEnum.AutomaticProfile TargetDesktop: $'''{\\\"DisplayName\\\":\\\"Local computer\\\",\\\"Route\\\":{\\\"ServerType\\\":\\\"Local\\\",\\\"ServerAddress\\\":\\\"\\\"}}''' BrowserInstance=&gt; ServerSetupBrowser\r\n        WAIT (WebAutomation.WaitForWebPageContent.WebPageToContainElement BrowserInstance: ServerSetupBrowser Control: appmask['Web Page \\'https://botsdna.com/server/\\'']['Server Creation Header']) FOR 30\r\n        Logging.LogMessage Message: $'''Entered to website successfully''' LogLevel: Logging.LogLevel.InfoLevel\r\n    END\r\nEND FUNCTION\r\nFUNCTION 'Create Server using Request' GLOBAL\r\n    # Flow creates server by using request details\r\n    Logging.LogMessage Message: $'''Entering details in Create Server website based on request: %RequestID%''' LogLevel: Logging.LogLevel.InfoLevel\r\n    BLOCK 'Create Server Error Block'\r\nON BLOCK ERROR all\r\n    THROW ERROR\r\nEND\r\n        IF (WebAutomation.IfWebPageContains.WebPageContainsElement BrowserInstance: ServerSetupBrowser Control: appmask['Web Page \\'https://botsdna.com/server/\\'']['Operating System Dropdown values']) THEN\r\n            WebAutomation.SetDropDownListValue.SetDropDownListValueByName BrowserInstance: ServerSetupBrowser Control: appmask['Web Page \\'https://botsdna.com/server/\\'']['Operating System Dropdown'] OptionNames: OperatingSystem UseRegularExpression: False WaitForPageToLoadTimeout: 60\r\n        ELSE\r\n            SET IsBRE TO True\r\n            EXIT Code: 0 ErrorMessage: $'''Operation system with value %OperatingSystem% not found.'''\r\n        END\r\n        IF (WebAutomation.IfWebPageContains.WebPageContainsElement BrowserInstance: ServerSetupBrowser Control: appmask['Web Page \\'https://botsdna.com/server/\\'']['RAM Size dropdown values']) THEN\r\n            WebAutomation.SetDropDownListValue.SetDropDownListValueByName BrowserInstance: ServerSetupBrowser Control: appmask['Web Page \\'https://botsdna.com/server/\\'']['RAMSIZE Dropdown'] OptionNames: RamSize UseRegularExpression: False WaitForPageToLoadTimeout: 60\r\n        ELSE\r\n            SET IsBRE TO True\r\n            EXIT Code: 0 ErrorMessage: $'''Ram SIZE with %RamSize% not found.'''\r\n        END\r\n        IF (WebAutomation.IfWebPageContains.WebPageContainsElement BrowserInstance: ServerSetupBrowser Control: appmask['Web Page \\'https://botsdna.com/server/\\'']['HDD Size value']) THEN\r\n            WebAutomation.SelectRadioButton.SelectRadioButtonCloseDialog BrowserInstance: ServerSetupBrowser Control: appmask['Web Page \\'https://botsdna.com/server/\\'']['HDD Field'] WaitForPageToLoadTimeout: 60\r\n        ELSE\r\n            SET IsBRE TO True\r\n            EXIT Code: 0 ErrorMessage: $'''HDD Size of value %HDD% is not found.'''\r\n        END\r\n        LOOP FOREACH App IN Applications\r\n            SET App TO App.Trimmed\r\n            IF (WebAutomation.IfWebPageContains.WebPageContainsElement BrowserInstance: ServerSetupBrowser Control: appmask['Web Page \\'https://botsdna.com/server/\\'']['Application Checkbox']) THEN\r\n                WebAutomation.SetCheckboxState.SetCheckboxStateCloseDialog BrowserInstance: ServerSetupBrowser Control: appmask['Web Page \\'https://botsdna.com/server/\\'']['Application Checkbox'] State: WebAutomation.CheckboxState.Checked WaitForPageToLoadTimeout: 60\r\n            ELSE\r\n                SET IsBRE TO True\r\n                EXIT Code: 0 ErrorMessage: $'''App details %App% not found'''\r\n            END\r\n        END\r\n        WebAutomation.PressButton.PressButtonCloseDialog BrowserInstance: ServerSetupBrowser Control: appmask['Web Page \\'https://botsdna.com/server/\\'']['Create Server Button'] WaitForPageToLoadTimeout: 60\r\n        WAIT (WebAutomation.WaitForWebPageContent.WebPageToContainElement BrowserInstance: ServerSetupBrowser Control: appmask['Web Page \\'https://botsdna.com/server/createserver.html\\'']['Server Created Successfully Message']) \r\n        ON ERROR REPEAT 4 TIMES WAIT 10\r\n        END\r\n        Logging.LogMessage Message: $'''Successfully created the server as per the Request %RequestID%''' LogLevel: Logging.LogLevel.InfoLevel\r\n    END\r\nEND FUNCTION\r\nFUNCTION 'Close Create Server Website' GLOBAL\r\n    # Subflow closes the create server website\r\n    BLOCK 'Close Create Server website'\r\nON BLOCK ERROR all\r\n    CALL 'Terminate process'\r\nEND\r\n        WebAutomation.CloseWebBrowser BrowserInstance: ServerSetupBrowser\r\n    END\r\nEND FUNCTION\r\nFUNCTION 'Captures Server Created Details' GLOBAL\r\n    # Subflow which captures the server created details\r\n    Logging.LogMessage Message: $'''Capturing Server Details''' LogLevel: Logging.LogLevel.InfoLevel\r\n    BLOCK 'Captures Server Created error block'\r\nON BLOCK ERROR all\r\n    THROW ERROR\r\nEND\r\n        WAIT (WebAutomation.WaitForWebPageContent.WebPageToContainElementInState BrowserInstance: ServerSetupBrowser Control: appmask['Web Page \\'https://botsdna.com/server/createserver.html\\'']['Server Tabular Details'] State: WebAutomation.ElementState.Enabled) FOR 30\r\n        WebAutomation.ExtractData.ExtractHtmlTable BrowserInstance: ServerSetupBrowser Control: $'''html &gt; body &gt; center &gt; div:eq(1) &gt; table''' ExtractionParameters: {[$'''Property''', $'''Value'''], [$'''''', $''''''] } PostProcessData: True TimeoutInSeconds: 60 ExtractedData=&gt; ServerTabularDetails\r\n        Variables.FilterDataTable DataTable: ServerTabularDetails FilterParameters: { ^['RULE', 'COLUMN', 'OPERATOR', 'VALUE'], [$'''Or''', $'''property''', $'''Equal''', $'''IP Address'''] } FilteredDataTable=&gt; IPAddressDT\r\n        SET ServerIPAddress TO IPAddressDT[0]['value']\r\n        Variables.FilterDataTable DataTable: ServerTabularDetails FilterParameters: { ^['RULE', 'COLUMN', 'OPERATOR', 'VALUE'], [$'''Or''', $'''property''', $'''Equal''', $'''User Name'''] } FilteredDataTable=&gt; ServerUserNameDT\r\n        SET ServerUserName TO ServerUserNameDT[0]['value']\r\n        Variables.FilterDataTable DataTable: ServerTabularDetails FilterParameters: { ^['RULE', 'COLUMN', 'OPERATOR', 'VALUE'], [$'''Or''', $'''property''', $'''Equal''', $'''Password'''] } FilteredDataTable=&gt; PasswordDT\r\n        SET ServerPassword TO PasswordDT[0]['value']\r\n        Cryptography.EncryptText.EncryptTextWithAES Encoding: Cryptography.EncryptionEncoding.Unicode TextToEncrypt: ServerPassword EncryptionKey: in_EncryptionPassword PaddingMode: Cryptography.PaddingMode.PKCS7 KeySize: Cryptography.AESKeySize.Bits256 EncryptedText=&gt; ServerPassword\r\n        SET TransactionStatus TO $'''Success'''\r\n    END\r\nEND FUNCTION\r\nFUNCTION 'Update WorkQueueItem Status' GLOBAL\r\n    # Flow which updates workqueue item status\r\n    BLOCK 'Update WorkQueue Item status'\r\nON BLOCK ERROR all\r\n    THROW ERROR\r\nEND\r\n        IF TransactionStatus = $'''Success''' THEN\r\n            WorkQueues.UpdateWorkQueueItem.UpdateWithProcessingNotes WorkQueueItem: WorkQueueItem Status: WorkQueues.WorkQueueItemStatus.Processed ProcessingResult: $'''Server is created. Details: Server IPAddress: %ServerIPAddress%; Server UserName: %ServerUserName%; Server Password: %ServerPassword%'''\r\n        ELSE\r\n            ERROR =&gt; LastError Reset: True\r\n            IF IsBRE = True THEN\r\n                WorkQueues.UpdateWorkQueueItem.UpdateWithProcessingNotes WorkQueueItem: WorkQueueItem Status: WorkQueues.WorkQueueItemStatus.BusinessException ProcessingResult: LastError\r\n            ELSE\r\n                WorkQueues.UpdateWorkQueueItem.UpdateWithProcessingNotes WorkQueueItem: WorkQueueItem Status: WorkQueues.WorkQueueItemStatus.GenericException ProcessingResult: LastError\r\n            END\r\n        END\r\n        SET IsBRE TO False\r\n    END\r\nEND FUNCTION\r\nFUNCTION 'Terminate process' GLOBAL\r\n    BLOCK 'Terminate Process On error block'\r\nON BLOCK ERROR all\r\n\r\nEND\r\n        System.TerminateProcess.TerminateProcessByName ProcessName: $'''msedge'''\r\n        System.TerminateProcess.TerminateProcessByName ProcessName: $'''EXCEL'''\r\n    END\r\nEND FUNCTION\r\nFUNCTION _TestFlow GLOBAL\r\nEND FUNCTION\r\n"</Definition>
      <SchemaVersion>2022.07</SchemaVersion>
      <DesktopFlowModules>[]</DesktopFlowModules>
      <PrimaryEntity>none</PrimaryEntity>
      <LocalizedNames>
        <LocalizedName languagecode="1033" description="Server Setup Performer Flow" />
      </LocalizedNames>
    </Workflow>
    <Workflow WorkflowId="{af0ce696-2692-ef11-8a68-6045bd098f12}" Name="Server Setup Dispatcher Flow">
      <JsonFileName>/Workflows/ServerSetupDispatcherFlow-AF0CE696-2692-EF11-8A68-6045BD098F12.json</JsonFileName>
      <Type>1</Type>
      <Subprocess>0</Subprocess>
      <Category>5</Category>
      <Mode>0</Mode>
      <Scope>4</Scope>
      <OnDemand>0</OnDemand>
      <TriggerOnCreate>0</TriggerOnCreate>
      <TriggerOnDelete>0</TriggerOnDelete>
      <AsyncAutodelete>0</AsyncAutodelete>
      <SyncWorkflowLogOnFailure>0</SyncWorkflowLogOnFailure>
      <StateCode>1</StateCode>
      <StatusCode>2</StatusCode>
      <RunAs>1</RunAs>
      <IsTransacted>1</IsTransacted>
      <IntroducedVersion>1.0.0.0</IntroducedVersion>
      <IsCustomizable>1</IsCustomizable>
      <BusinessProcessType>0</BusinessProcessType>
      <IsCustomProcessingStepAllowedForOtherPublishers>1</IsCustomProcessingStepAllowedForOtherPublishers>
      <PrimaryEntity>none</PrimaryEntity>
      <LocalizedNames>
        <LocalizedName languagecode="1033" description="Server Setup Dispatcher Flow" />
      </LocalizedNames>
    </Workflow>
  </Workflows>
  <FieldSecurityProfiles></FieldSecurityProfiles>
  <Templates />
  <EntityMaps />
  <EntityRelationships />
  <OrganizationSettings />
  <optionsets />
  <CustomControls />
  <EntityDataProviders />
  <workqueues>
    <workqueue workqueueid="60439e10-2592-ef11-8a68-6045bd098f12">
      <allowupdateinputwhileprocessing>0</allowupdateinputwhileprocessing>
      <description>this queue stores details for creating server based on each request.</description>
      <inputschematype>0</inputschematype>
      <iscustomizable>1</iscustomizable>
      <itemmaxrequeuecount>40</itemmaxrequeuecount>
      <itemmaxretrycount>1</itemmaxretrycount>
      <name>Server Setup WorkQueue</name>
      <prioritytype>0</prioritytype>
      <statecode>0</statecode>
      <statuscode>1</statuscode>
      <workqueuekey>48f115f2-a51b-46f5-bc95-f0a6b0c9f424</workqueuekey>
      <workqueuetype>0</workqueuetype>
    </workqueue>
  </workqueues>
  <Languages>
    <Language>1033</Language>
  </Languages>
</ImportExportXml>