<ImportExportXml version="9.2.24094.172" SolutionPackageVersion="9.2" languagecode="1033" generatedBy="CrmLive" xmlns:xsi="http://www.w3.org/2001/XMLSchema-instance" OrganizationVersion="9.2.24094.172" OrganizationSchemaType="Standard" CRMServerServiceabilityVersion="9.2.24103.00158">
  <SolutionManifest>
    <UniqueName>ServerSetupRPA</UniqueName>
    <LocalizedNames>
      <LocalizedName description="Server Setup RPA" languagecode="1033" />
    </LocalizedNames>
    <Descriptions>
      <Description description="This solution contains Server setup" languagecode="1033" />
    </Descriptions>
    <Version>1.0.0.1</Version>
    <Managed>0</Managed>
    <Publisher>
      <UniqueName>DefaultPublisherorg8105c0bf</UniqueName>
      <LocalizedNames>
        <LocalizedName description="Default Publisher for org8105c0bf" languagecode="1033" />
      </LocalizedNames>
      <Descriptions>
        <Description description="Default publisher for this organization" languagecode="1033" />
      </Descriptions>
      <EMailAddress xsi:nil="true"></EMailAddress>
      <SupportingWebsiteUrl xsi:nil="true"></SupportingWebsiteUrl>
      <CustomizationPrefix>new</CustomizationPrefix>
      <CustomizationOptionValuePrefix>10000</CustomizationOptionValuePrefix>
      <Addresses>
        <Address>
          <AddressNumber>1</AddressNumber>
          <AddressTypeCode xsi:nil="true"></AddressTypeCode>
          <City xsi:nil="true"></City>
          <County xsi:nil="true"></County>
          <Country xsi:nil="true"></Country>
          <Fax xsi:nil="true"></Fax>
          <FreightTermsCode xsi:nil="true"></FreightTermsCode>
          <ImportSequenceNumber xsi:nil="true"></ImportSequenceNumber>
          <Latitude xsi:nil="true"></Latitude>
          <Line1 xsi:nil="true"></Line1>
          <Line2 xsi:nil="true"></Line2>
          <Line3 xsi:nil="true"></Line3>
          <Longitude xsi:nil="true"></Longitude>
          <Name xsi:nil="true"></Name>
          <PostalCode xsi:nil="true"></PostalCode>
          <PostOfficeBox xsi:nil="true"></PostOfficeBox>
          <PrimaryContactName xsi:nil="true"></PrimaryContactName>
          <ShippingMethodCode xsi:nil="true"></ShippingMethodCode>
          <StateOrProvince xsi:nil="true"></StateOrProvince>
          <Telephone1 xsi:nil="true"></Telephone1>
          <Telephone2 xsi:nil="true"></Telephone2>
          <Telephone3 xsi:nil="true"></Telephone3>
          <TimeZoneRuleVersionNumber xsi:nil="true"></TimeZoneRuleVersionNumber>
          <UPSZone xsi:nil="true"></UPSZone>
          <UTCOffset xsi:nil="true"></UTCOffset>
          <UTCConversionTimeZoneCode xsi:nil="true"></UTCConversionTimeZoneCode>
        </Address>
        <Address>
          <AddressNumber>2</AddressNumber>
          <AddressTypeCode xsi:nil="true"></AddressTypeCode>
          <City xsi:nil="true"></City>
          <County xsi:nil="true"></County>
          <Country xsi:nil="true"></Country>
          <Fax xsi:nil="true"></Fax>
          <FreightTermsCode xsi:nil="true"></FreightTermsCode>
          <ImportSequenceNumber xsi:nil="true"></ImportSequenceNumber>
          <Latitude xsi:nil="true"></Latitude>
          <Line1 xsi:nil="true"></Line1>
          <Line2 xsi:nil="true"></Line2>
          <Line3 xsi:nil="true"></Line3>
          <Longitude xsi:nil="true"></Longitude>
          <Name xsi:nil="true"></Name>
          <PostalCode xsi:nil="true"></PostalCode>
          <PostOfficeBox xsi:nil="true"></PostOfficeBox>
          <PrimaryContactName xsi:nil="true"></PrimaryContactName>
          <ShippingMethodCode xsi:nil="true"></ShippingMethodCode>
          <StateOrProvince xsi:nil="true"></StateOrProvince>
          <Telephone1 xsi:nil="true"></Telephone1>
          <Telephone2 xsi:nil="true"></Telephone2>
          <Telephone3 xsi:nil="true"></Telephone3>
          <TimeZoneRuleVersionNumber xsi:nil="true"></TimeZoneRuleVersionNumber>
          <UPSZone xsi:nil="true"></UPSZone>
          <UTCOffset xsi:nil="true"></UTCOffset>
          <UTCConversionTimeZoneCode xsi:nil="true"></UTCConversionTimeZoneCode>
        </Address>
      </Addresses>
    </Publisher>
    <RootComponents>
      <RootComponent type="29" id="{6c97354b-1ed0-4783-bd86-8c9dae9d477d}" behavior="0" />
      <RootComponent type="29" id="{af0ce696-2692-ef11-8a68-6045bd098f12}" behavior="0" />
      <RootComponent type="29" id="{e112a797-9888-469b-8532-599c2c099836}" behavior="0" />
    </RootComponents>
    <MissingDependencies>
      <MissingDependency>
        <Required type="1" schemaName="workqueueitem" displayName="Work Queue Item" solution="MicrosoftFlowExtensionsCore (1.8.28.2)">
          <package>MicrosoftFlowExtensionsAnchor (1.8.28.2)</package>
        </Required>
        <Dependent type="29" displayName="Server Setup Dispatcher Flow" id="{af0ce696-2692-ef11-8a68-6045bd098f12}" />
      </MissingDependency>
      <MissingDependency>
        <Required type="connectionreference" displayName="Crd3a4a_shared_commondataserviceforapps_39f77c0ffa764b34b36852655bf87156" solution="Active" id.connectionreferencelogicalname="Crd3a4a_shared_commondataserviceforapps_39f77c0ffa764b34b36852655bf87156" />
        <Dependent type="29" displayName="Server Setup Dispatcher Flow" id="{af0ce696-2692-ef11-8a68-6045bd098f12}" />
      </MissingDependency>
      <MissingDependency>
        <Required type="connectionreference" displayName="Crd3a4a_shared_sharepointonline_b2eb66aba8204388aa902ddbe9a30e78" solution="Active" id.connectionreferencelogicalname="Crd3a4a_shared_sharepointonline_b2eb66aba8204388aa902ddbe9a30e78" />
        <Dependent type="29" displayName="Server Setup Dispatcher Flow" id="{af0ce696-2692-ef11-8a68-6045bd098f12}" />
      </MissingDependency>
      <MissingDependency>
        <Required type="connectionreference" displayName="new_sharedexcelonlinebusiness_051e6" solution="Active" id.connectionreferencelogicalname="new_sharedexcelonlinebusiness_051e6" />
        <Dependent type="29" displayName="Server Setup Dispatcher Flow" id="{af0ce696-2692-ef11-8a68-6045bd098f12}" />
      </MissingDependency>
      <MissingDependency>
        <Required type="connectionreference" displayName="new_shareduiflow_c70b8" solution="Active" id.connectionreferencelogicalname="new_shareduiflow_c70b8" />
        <Dependent type="29" displayName="Server Setup Dispatcher Flow" id="{af0ce696-2692-ef11-8a68-6045bd098f12}" />
      </MissingDependency>
    </MissingDependencies>
  </SolutionManifest>
</ImportExportXml>