<desktopflowbinary desktopflowbinaryid="c8168ddf-f3ef-4817-bc0e-a340e915754e">
  <data mimetype="application/json">ControlRepository_ce8dfc9c-f55d-4baf-afa7-34b55a082cf0.json</data>
  <iscustomizable>1</iscustomizable>
  <metadata>{}</metadata>
  <mimetype>application/json</mimetype>
  <name>Desktop flow ui elements</name>
  <process>
    <workflowid>e112a797-9888-469b-8532-599c2c099836</workflowid>
  </process>
  <reference>controlRepo.appmask</reference>
  <statecode>0</statecode>
  <statuscode>1</statuscode>
  <type>ControlRepository</type>
</desktopflowbinary>