<desktopflowbinary desktopflowbinaryid="8e1b0f60-0d52-4372-a022-1566cffb0745">
  <data mimetype="image/png">ControlRepositoryImageFile_8e1b0f60-0d52-4372-a022-1566cffb0745.png</data>
  <iscustomizable>1</iscustomizable>
  <metadata>{}</metadata>
  <mimetype>image/png</mimetype>
  <name>Desktop flow ui element screenshot</name>
  <process>
    <workflowid>6c97354b-1ed0-4783-bd86-8c9dae9d477d</workflowid>
  </process>
  <reference>controlRepo-screenshots\fcab81c1-f12a-4272-a5b2-28b65a6fd325.png</reference>
  <statecode>0</statecode>
  <statuscode>1</statuscode>
  <type>ControlRepositoryImageFile</type>
</desktopflowbinary>