<desktopflowbinary desktopflowbinaryid="7ead0803-cd5e-440f-adc0-464184318483">
  <data mimetype="image/png">ControlRepositoryImageFile_7ead0803-cd5e-440f-adc0-464184318483.png</data>
  <iscustomizable>1</iscustomizable>
  <metadata>{}</metadata>
  <mimetype>image/png</mimetype>
  <name>Desktop flow ui element screenshot</name>
  <process>
    <workflowid>6c97354b-1ed0-4783-bd86-8c9dae9d477d</workflowid>
  </process>
  <reference>controlRepo-screenshots\36a9cdec-2c82-446f-a6bc-c9bc883f6431.png</reference>
  <statecode>0</statecode>
  <statuscode>1</statuscode>
  <type>ControlRepositoryImageFile</type>
</desktopflowbinary>