<desktopflowbinary desktopflowbinaryid="6ada0a87-14cd-4e39-a5ea-c639e8da6315">
  <data mimetype="image/png">ControlRepositoryImageFile_6ada0a87-14cd-4e39-a5ea-c639e8da6315.png</data>
  <iscustomizable>1</iscustomizable>
  <metadata>{}</metadata>
  <mimetype>image/png</mimetype>
  <name>Desktop flow ui element screenshot</name>
  <process>
    <workflowid>6c97354b-1ed0-4783-bd86-8c9dae9d477d</workflowid>
  </process>
  <reference>controlRepo-screenshots\1c9777fc-2f54-45e3-8c1e-1ef43fe4f0f1.png</reference>
  <statecode>0</statecode>
  <statuscode>1</statuscode>
  <type>ControlRepositoryImageFile</type>
</desktopflowbinary>