<desktopflowbinary desktopflowbinaryid="dec01d5c-7eaa-42c3-ad24-43b221dd8955">
  <data mimetype="image/png">ControlRepositoryImageFile_dec01d5c-7eaa-42c3-ad24-43b221dd8955.png</data>
  <iscustomizable>1</iscustomizable>
  <metadata>{}</metadata>
  <mimetype>image/png</mimetype>
  <name>Desktop flow ui element screenshot</name>
  <process>
    <workflowid>6c97354b-1ed0-4783-bd86-8c9dae9d477d</workflowid>
  </process>
  <reference>controlRepo-screenshots\3feb56f7-9978-4d66-be3e-5774ba34cc21.png</reference>
  <statecode>0</statecode>
  <statuscode>1</statuscode>
  <type>ControlRepositoryImageFile</type>
</desktopflowbinary>