<desktopflowbinary desktopflowbinaryid="853e52f2-55ef-46f4-9448-2a81ac5f798b">
  <data mimetype="image/png">ControlRepositoryImageFile_853e52f2-55ef-46f4-9448-2a81ac5f798b.png</data>
  <iscustomizable>1</iscustomizable>
  <metadata>{}</metadata>
  <mimetype>image/png</mimetype>
  <name>Desktop flow ui element screenshot</name>
  <process>
    <workflowid>6c97354b-1ed0-4783-bd86-8c9dae9d477d</workflowid>
  </process>
  <reference>controlRepo-screenshots\86522b5a-3ddc-4cf6-b2dd-8d0fdb3d89c3.png</reference>
  <statecode>0</statecode>
  <statuscode>1</statuscode>
  <type>ControlRepositoryImageFile</type>
</desktopflowbinary>