<desktopflowbinary desktopflowbinaryid="df299670-545a-4132-9233-5b62cc4db9ec">
  <data mimetype="image/png">ControlRepositoryImageFile_df299670-545a-4132-9233-5b62cc4db9ec.png</data>
  <iscustomizable>1</iscustomizable>
  <metadata>{}</metadata>
  <mimetype>image/png</mimetype>
  <name>Desktop flow ui element screenshot</name>
  <process>
    <workflowid>6c97354b-1ed0-4783-bd86-8c9dae9d477d</workflowid>
  </process>
  <reference>controlRepo-screenshots\8a727fed-631d-4625-8929-4c9889991ba7.png</reference>
  <statecode>0</statecode>
  <statuscode>1</statuscode>
  <type>ControlRepositoryImageFile</type>
</desktopflowbinary>