<desktopflowbinary desktopflowbinaryid="b51543dd-271c-43e4-a53b-a960a1bebe97">
  <data mimetype="application/json">ManifestFile_b51543dd-271c-43e4-a53b-a960a1bebe97.json</data>
  <iscustomizable>1</iscustomizable>
  <metadata>{}</metadata>
  <mimetype>application/json</mimetype>
  <name>Desktop flow manifest file</name>
  <process>
    <workflowid>e112a797-9888-469b-8532-599c2c099836</workflowid>
  </process>
  <reference>flow.manifest</reference>
  <statecode>0</statecode>
  <statuscode>1</statuscode>
  <type>ManifestFile</type>
</desktopflowbinary>