<desktopflowbinary desktopflowbinaryid="62f70ce4-641e-498e-83bf-48ae77d11877">
  <data mimetype="image/png">ControlRepositoryImageFile_62f70ce4-641e-498e-83bf-48ae77d11877.png</data>
  <iscustomizable>1</iscustomizable>
  <metadata>{}</metadata>
  <mimetype>image/png</mimetype>
  <name>Desktop flow ui element screenshot</name>
  <process>
    <workflowid>6c97354b-1ed0-4783-bd86-8c9dae9d477d</workflowid>
  </process>
  <reference>controlRepo-screenshots\ae789c01-b616-4be4-a81a-510529ef7113.png</reference>
  <statecode>0</statecode>
  <statuscode>1</statuscode>
  <type>ControlRepositoryImageFile</type>
</desktopflowbinary>