<desktopflowbinary desktopflowbinaryid="ee4fa9da-913d-40f7-a76d-d7b2a6558974">
  <data mimetype="image/png">ControlRepositoryImageFile_ee4fa9da-913d-40f7-a76d-d7b2a6558974.png</data>
  <iscustomizable>1</iscustomizable>
  <metadata>{}</metadata>
  <mimetype>image/png</mimetype>
  <name>Desktop flow ui element screenshot</name>
  <process>
    <workflowid>6c97354b-1ed0-4783-bd86-8c9dae9d477d</workflowid>
  </process>
  <reference>controlRepo-screenshots\91d230a8-f24c-415a-a431-0f635621ba86.png</reference>
  <statecode>0</statecode>
  <statuscode>1</statuscode>
  <type>ControlRepositoryImageFile</type>
</desktopflowbinary>