<desktopflowbinary desktopflowbinaryid="61cf128a-7894-4847-b31c-ded0361113f1">
  <data mimetype="image/png">ControlRepositoryImageFile_61cf128a-7894-4847-b31c-ded0361113f1.png</data>
  <iscustomizable>1</iscustomizable>
  <metadata>{}</metadata>
  <mimetype>image/png</mimetype>
  <name>Desktop flow ui element screenshot</name>
  <process>
    <workflowid>6c97354b-1ed0-4783-bd86-8c9dae9d477d</workflowid>
  </process>
  <reference>controlRepo-screenshots\bd0f7792-2f85-4bf7-bd11-5961e2d486a2.png</reference>
  <statecode>0</statecode>
  <statuscode>1</statuscode>
  <type>ControlRepositoryImageFile</type>
</desktopflowbinary>