<desktopflowbinary desktopflowbinaryid="5bdcfe41-eb31-4834-90ff-cbc7c2a7e9e1">
  <data mimetype="application/json">ManifestFile_5bdcfe41-eb31-4834-90ff-cbc7c2a7e9e1.json</data>
  <iscustomizable>1</iscustomizable>
  <metadata>{}</metadata>
  <mimetype>application/json</mimetype>
  <name>Desktop flow manifest file</name>
  <process>
    <workflowid>6c97354b-1ed0-4783-bd86-8c9dae9d477d</workflowid>
  </process>
  <reference>flow.manifest</reference>
  <statecode>0</statecode>
  <statuscode>1</statuscode>
  <type>ManifestFile</type>
</desktopflowbinary>