<environmentvariabledefinition schemaname="new_EncryptionPwd">
  <description default="stores the encryption password for AES Encrypted mode">
    <label description="stores the encryption password for AES Encrypted mode" languagecode="1033" />
  </description>
  <displayname default="EncryptionPwd">
    <label description="EncryptionPwd" languagecode="1033" />
  </displayname>
  <introducedversion>1.0.0.0</introducedversion>
  <iscustomizable>1</iscustomizable>
  <isrequired>0</isrequired>
  <secretstore>0</secretstore>
  <type>100000000</type>
</environmentvariabledefinition>