<desktopflowbinary desktopflowbinaryid="96b30839-4010-43d5-9bf5-f27a564986cb">
  <data mimetype="image/png">ControlRepositoryImageFile_96b30839-4010-43d5-9bf5-f27a564986cb.png</data>
  <iscustomizable>1</iscustomizable>
  <metadata>{}</metadata>
  <mimetype>image/png</mimetype>
  <name>Desktop flow ui element screenshot</name>
  <process>
    <workflowid>6c97354b-1ed0-4783-bd86-8c9dae9d477d</workflowid>
  </process>
  <reference>controlRepo-screenshots\7eaf9b7c-0001-47b6-a423-9a293791a0f8.png</reference>
  <statecode>0</statecode>
  <statuscode>1</statuscode>
  <type>ControlRepositoryImageFile</type>
</desktopflowbinary>