{"CreatedEngineVersion":{"Major":2,"Minor":14,"Build":202,"Revision":24289,"MajorRevision":0,"MinorRevision":24289},"ModuleReferences":[{"AssemblyName":"Microsoft.Flow.RPA.Desktop.Modules.Logging.Actions","Name":"Logging","Id":"00000000-0000-0000-0000-000000000000","PublicKeyToken":"31bf3856ad364e35","Type":1,"Version":{"Major":1,"Minor":0,"Build":0,"Revision":0,"MajorRevision":0,"MinorRevision":0}},{"AssemblyName":"Microsoft.Flow.RPA.Desktop.Modules.Excel.Actions","Name":"Excel","Id":"00000000-0000-0000-0000-000000000000","PublicKeyToken":"31bf3856ad364e35","Type":1,"Version":{"Major":1,"Minor":11,"Build":0,"Revision":0,"MajorRevision":0,"MinorRevision":0}}],"ConnectorReferences":[],"PowerFxEnabled":false,"EngineVersion":{"Major":2,"Minor":10,"Build":202,"Revision":24289,"MajorRevision":0,"MinorRevision":24289}}