<desktopflowbinary desktopflowbinaryid="1970477a-2bb5-4569-8318-b20bf931647d">
  <data mimetype="application/json">ImageRepository_f7035718-361a-452d-a074-2fe894117a8e.json</data>
  <iscustomizable>1</iscustomizable>
  <metadata>{}</metadata>
  <mimetype>application/json</mimetype>
  <name>Desktop flow images</name>
  <process>
    <workflowid>e112a797-9888-469b-8532-599c2c099836</workflowid>
  </process>
  <reference>imageRepo.imgrepo</reference>
  <statecode>0</statecode>
  <statuscode>1</statuscode>
  <type>ImageRepository</type>
</desktopflowbinary>