<desktopflowbinary desktopflowbinaryid="5aed399a-1206-44be-a3b9-f25d0aab80e2">
  <data mimetype="image/png">ControlRepositoryImageFile_5aed399a-1206-44be-a3b9-f25d0aab80e2.png</data>
  <iscustomizable>1</iscustomizable>
  <metadata>{}</metadata>
  <mimetype>image/png</mimetype>
  <name>Desktop flow ui element screenshot</name>
  <process>
    <workflowid>6c97354b-1ed0-4783-bd86-8c9dae9d477d</workflowid>
  </process>
  <reference>controlRepo-screenshots\0e3cacab-ab4b-4a0a-9c2d-0e230c4e6582.png</reference>
  <statecode>0</statecode>
  <statuscode>1</statuscode>
  <type>ControlRepositoryImageFile</type>
</desktopflowbinary>