<desktopflowbinary desktopflowbinaryid="500b422f-fa00-4445-bb9f-c01795dd3312">
  <data mimetype="application/json">ImageRepository_6c80647e-c13d-488b-b7a6-5295e9248741.json</data>
  <iscustomizable>1</iscustomizable>
  <metadata>{}</metadata>
  <mimetype>application/json</mimetype>
  <name>Desktop flow images</name>
  <process>
    <workflowid>6c97354b-1ed0-4783-bd86-8c9dae9d477d</workflowid>
  </process>
  <reference>imageRepo.imgrepo</reference>
  <statecode>0</statecode>
  <statuscode>1</statuscode>
  <type>ImageRepository</type>
</desktopflowbinary>