<desktopflowbinary desktopflowbinaryid="1d1f1ed1-a4e1-4351-8d65-c601c360e023">
  <data mimetype="image/png">ControlRepositoryImageFile_1d1f1ed1-a4e1-4351-8d65-c601c360e023.png</data>
  <iscustomizable>1</iscustomizable>
  <metadata>{}</metadata>
  <mimetype>image/png</mimetype>
  <name>Desktop flow ui element screenshot</name>
  <process>
    <workflowid>6c97354b-1ed0-4783-bd86-8c9dae9d477d</workflowid>
  </process>
  <reference>controlRepo-screenshots\f3b06b85-eb1d-4d9b-9c78-74fd74ab4e26.png</reference>
  <statecode>0</statecode>
  <statuscode>1</statuscode>
  <type>ControlRepositoryImageFile</type>
</desktopflowbinary>