{
  "properties": {
    "connectionReferences": {
      "shared_excelonlinebusiness": {
        "runtimeSource": "embedded",
        "connection": {
          "connectionReferenceLogicalName": "new_sharedexcelonlinebusiness_051e6"
        },
        "api": {
          "name": "shared_excelonlinebusiness"
        }
      },
      "shared_commondataserviceforapps": {
        "runtimeSource": "embedded",
        "connection": {
          "connectionReferenceLogicalName": "Crd3a4a_shared_commondataserviceforapps_39f77c0ffa764b34b36852655bf87156"
        },
        "api": {
          "name": "shared_commondataserviceforapps"
        }
      },
      "shared_uiflow": {
        "runtimeSource": "embedded",
        "connection": {
          "connectionReferenceLogicalName": "new_shareduiflow_c70b8"
        },
        "api": {
          "name": "shared_uiflow"
        }
      },
      "shared_sharepointonline": {
        "runtimeSource": "embedded",
        "connection": {
          "connectionReferenceLogicalName": "Crd3a4a_shared_sharepointonline_b2eb66aba8204388aa902ddbe9a30e78"
        },
        "api": {
          "name": "shared_sharepointonline"
        }
      }
    },
    "definition": {
      "$schema": "https://schema.management.azure.com/providers/Microsoft.Logic/schemas/2016-06-01/workflowdefinition.json#",
      "contentVersion": "1.0.0.0",
      "parameters": {
        "$connections": {
          "defaultValue": {},
          "type": "Object"
        },
        "$authentication": {
          "defaultValue": {},
          "type": "SecureObject"
        },
        "SharePointSiteServerSetup (new_SharePointSiteServerSetup)": {
          "defaultValue": "https://8vz2bj.sharepoint.com/sites/datanived",
          "type": "String",
          "metadata": {
            "schemaName": "new_SharePointSiteServerSetup"
          }
        },
        "SharepointSPDocumentLibrary (new_SharepointSPDocumentLibrary)": {
          "defaultValue": "672637c4-3f68-44cd-863b-68d78aff5b14",
          "type": "String",
          "metadata": {
            "schemaName": "new_SharepointSPDocumentLibrary"
          }
        },
        "Sharepoint Folder Path (new_SharepointFolderPath)": {
          "defaultValue": "/Shared Documents/Server Setup",
          "type": "String",
          "metadata": {
            "schemaName": "new_SharepointFolderPath"
          }
        },
        "Work Queue Item ID (new_WorkQueueItemID)": {
          "defaultValue": "60439e10-2592-ef11-8a68-6045bd098f12",
          "type": "String",
          "metadata": {
            "schemaName": "new_WorkQueueItemID"
          }
        },
        "ServerSetupConfigPath (new_ServerSetupConfigPath)": {
          "defaultValue": "D:\\Temp\\Flows\\Server Setup\\Config\\Config.test.xlsx",
          "type": "String",
          "metadata": {
            "schemaName": "new_ServerSetupConfigPath"
          }
        },
        "EncryptionPwd (new_EncryptionPwd)": {
          "defaultValue": "ABCDEF",
          "type": "String",
          "metadata": {
            "schemaName": "new_EncryptionPwd",
            "description": "stores the encryption password for AES Encrypted mode"
          }
        }
      },
      "triggers": {
        "When_a_file_is_created_(properties_only)": {
          "recurrence": {
            "interval": 1,
            "frequency": "Minute"
          },
          "splitOn": "@triggerOutputs()?['body/value']",
          "metadata": {
            "operationMetadataId": "eaa2078b-cc0c-4319-87f0-e0f3d7301871"
          },
          "type": "OpenApiConnection",
          "inputs": {
            "host": {
              "connectionName": "shared_sharepointonline",
              "operationId": "GetOnNewFileItems",
              "apiId": "/providers/Microsoft.PowerApps/apis/shared_sharepointonline"
            },
            "parameters": {
              "dataset": "@parameters('SharePointSiteServerSetup (new_SharePointSiteServerSetup)')",
              "table": "@parameters('SharepointSPDocumentLibrary (new_SharepointSPDocumentLibrary)')",
              "folderPath": "@parameters('Sharepoint Folder Path (new_SharepointFolderPath)')"
            },
            "authentication": "@parameters('$authentication')"
          },
          "conditions": [
            {
              "expression": "@endsWith(triggerBody()?['{FilenameWithExtension}'],'.xlsx')"
            }
          ]
        }
      },
      "actions": {
        "Condition-_Tables_are_present": {
          "actions": {
            "List_rows_present_in_a_table": {
              "runAfter": {},
              "metadata": {
                "operationMetadataId": "27524303-8053-4526-8e68-661b3d283934",
                "tableId": "@first(outputs('Get_tables_from_excel_file')?['body/value'])?['id']"
              },
              "type": "OpenApiConnection",
              "inputs": {
                "host": {
                  "connectionName": "shared_excelonlinebusiness",
                  "operationId": "GetItems",
                  "apiId": "/providers/Microsoft.PowerApps/apis/shared_excelonlinebusiness"
                },
                "parameters": {
                  "source": "@parameters('SharePointSiteServerSetup (new_SharePointSiteServerSetup)')",
                  "drive": "@triggerOutputs()?['body/{DriveId}']",
                  "file": "@triggerOutputs()?['body/{Identifier}']",
                  "table": "@first(outputs('Get_tables_from_excel_file')?['body/value'])?['id']",
                  "dateTimeFormat": "ISO 8601"
                },
                "authentication": "@parameters('$authentication')"
              }
            },
            "Apply_to_each": {
              "foreach": "@outputs('List_rows_present_in_a_table')?['body/value']",
              "actions": {
                "Add_a_new_row": {
                  "runAfter": {},
                  "metadata": {
                    "operationMetadataId": "2615bc97-1bed-4799-9005-766b4ec3b907"
                  },
                  "type": "OpenApiConnection",
                  "inputs": {
                    "host": {
                      "connectionName": "shared_commondataserviceforapps",
                      "operationId": "CreateRecord",
                      "apiId": "/providers/Microsoft.PowerApps/apis/shared_commondataserviceforapps"
                    },
                    "parameters": {
                      "entityName": "workqueueitems",
                      "item/name": "@items('Apply_to_each')?['RequestID']",
                      "item/workqueueid@odata.bind": "/workqueues(@{parameters('Work Queue Item ID (new_WorkQueueItemID)')})",
                      "item/input": "{\n\"RequestID\":\"@{items('Apply_to_each')?['RequestID']}\",\n\"OS\":\"@{items('Apply_to_each')?['OS']}\",\n\"RAM\":\"@{items('Apply_to_each')?['RAM']}\",\n\"HDD\":\"@{items('Apply_to_each')?['HDD']}\",\n\"Applications\":\"@{items('Apply_to_each')?['Applications']}\",\n\"EmailID\":\"@{items('Apply_to_each')?['EmailID']}\"\n}",
                      "item/statecode": 0
                    },
                    "authentication": "@parameters('$authentication')"
                  }
                }
              },
              "runAfter": {
                "List_rows_present_in_a_table": [
                  "Succeeded"
                ]
              },
              "metadata": {
                "operationMetadataId": "d3220c6c-8eb0-43d1-b4e1-e2724cab368b"
              },
              "type": "Foreach",
              "runtimeConfiguration": {
                "concurrency": {
                  "repetitions": 50
                }
              }
            },
            "Run_a_flow_built_with_Power_Automate_for_desktop": {
              "runAfter": {
                "Apply_to_each": [
                  "Succeeded"
                ]
              },
              "metadata": {
                "operationMetadataId": "181fdcf2-0f29-4546-88da-afa37efb5dfa"
              },
              "type": "OpenApiConnection",
              "inputs": {
                "host": {
                  "connectionName": "shared_uiflow",
                  "operationId": "RunUIFlow_V2",
                  "apiId": "/providers/Microsoft.PowerApps/apis/shared_uiflow"
                },
                "parameters": {
                  "uiFlowId": "6c97354b-1ed0-4783-bd86-8c9dae9d477d",
                  "runMode": "attended",
                  "item/in_ConfigPath": "@parameters('ServerSetupConfigPath (new_ServerSetupConfigPath)')",
                  "item/in_EncryptionPassword": "@parameters('EncryptionPwd (new_EncryptionPwd)')"
                },
                "authentication": "@parameters('$authentication')"
              },
              "runtimeConfiguration": {
                "secureData": {
                  "properties": [
                    "inputs"
                  ]
                }
              }
            }
          },
          "runAfter": {
            "Get_tables_from_excel_file": [
              "Succeeded"
            ]
          },
          "expression": {
            "and": [
              {
                "not": {
                  "equals": [
                    "@length(outputs('Get_tables_from_excel_file')?['body/value'])",
                    0
                  ]
                }
              }
            ]
          },
          "metadata": {
            "operationMetadataId": "8e876f2c-6bcb-48c0-a28a-e78485bd59e3"
          },
          "type": "If",
          "description": "This condition checks whether tables are present in excel file."
        },
        "Get_tables_from_excel_file": {
          "runAfter": {},
          "metadata": {
            "operationMetadataId": "7aabf622-2b23-444b-b8b3-e81091762919",
            "tableId": null
          },
          "type": "OpenApiConnection",
          "inputs": {
            "host": {
              "connectionName": "shared_excelonlinebusiness",
              "operationId": "GetTables",
              "apiId": "/providers/Microsoft.PowerApps/apis/shared_excelonlinebusiness"
            },
            "parameters": {
              "source": "@parameters('SharePointSiteServerSetup (new_SharePointSiteServerSetup)')",
              "drive": "@triggerOutputs()?['body/{DriveId}']",
              "file": "@triggerOutputs()?['body/{Identifier}']"
            },
            "authentication": "@parameters('$authentication')"
          }
        }
      }
    },
    "templateName": ""
  },
  "schemaVersion": "1.0.0.0"
}