<desktopflowbinary desktopflowbinaryid="6e4eef0a-44ad-4f07-9006-dcdb13a7a30b">
  <data mimetype="application/json">ControlRepository_cdf7ef15-dc17-463e-968d-36f62de62337.json</data>
  <iscustomizable>1</iscustomizable>
  <metadata>{}</metadata>
  <mimetype>application/json</mimetype>
  <name>Desktop flow ui elements</name>
  <process>
    <workflowid>6c97354b-1ed0-4783-bd86-8c9dae9d477d</workflowid>
  </process>
  <reference>controlRepo.appmask</reference>
  <statecode>0</statecode>
  <statuscode>1</statuscode>
  <type>ControlRepository</type>
</desktopflowbinary>