<desktopflowbinary desktopflowbinaryid="cfd6c78d-7d33-43ab-b775-61fe3ee2b764">
  <data mimetype="image/png">ControlRepositoryImageFile_cfd6c78d-7d33-43ab-b775-61fe3ee2b764.png</data>
  <iscustomizable>1</iscustomizable>
  <metadata>{}</metadata>
  <mimetype>image/png</mimetype>
  <name>Desktop flow ui element screenshot</name>
  <process>
    <workflowid>6c97354b-1ed0-4783-bd86-8c9dae9d477d</workflowid>
  </process>
  <reference>controlRepo-screenshots\a7cff9fb-f4b3-40cc-b3e5-bfeb716533d2.png</reference>
  <statecode>0</statecode>
  <statuscode>1</statuscode>
  <type>ControlRepositoryImageFile</type>
</desktopflowbinary>